{"MAE": 28598.1683782, "MSE": 2124385347.65371, "RMSE": 50042.04647212}