{"MAE": 30098.5685784, "MSE": 2524385347.967584, "RMSE": 51043.05647322}